smiles,Casein_kinase_I_alpha
CN(C)C1CCCC(Nc2nc(Cl)cc(-c3c[nH]c4ncccc34)n2)C1,0.0
CN(C)CC(=O)NC1CCC(Nc2nc(Cl)cc(-c3c[nH]c4ncccc34)n2)CC1,1.0
OC1CCC(Nc2nc(Cl)cc(-c3c[nH]c4ncccc34)n2)CC1,1.0
NC1CCCCC1Nc1nccc(-c2c[nH]c3ncccc23)n1,1.0
CS(=O)(=O)NC1CCCC(Nc2nc(Cl)cc(-c3c[nH]c4ncccc34)n2)C1,0.0
CC(=O)NC1CCCC(Nc2nc(Cl)cc(-c3c[nH]c4ncccc34)n2)C1,0.0
Clc1cc(-c2c[nH]c3ncccc23)nc(NC2CCCCC2)n1,0.0
CC(C)CNC1CCC(Nc2nc(Cl)cc(-c3c[nH]c4ncccc34)n2)CC1,1.0
CN(C)C1CCC(Nc2nc(Cl)cc(-c3c[nH]c4ncccc34)n2)CC1,1.0
NC1CCC(Nc2nc(Cl)cc(-c3c[nH]c4ncccc34)n2)CC1,1.0
CS(=O)(=O)NC1CCC(Nc2nc(Cl)cc(-c3c[nH]c4ncccc34)n2)CC1,0.0
CNC(=O)NC1CCC(Nc2nc(Cl)cc(-c3c[nH]c4ncccc34)n2)CC1,1.0
CCNC(=O)NC1CCC(Nc2nc(Cl)cc(-c3c[nH]c4ncccc34)n2)CC1,1.0
CNCC(=O)NC1CCC(Nc2nc(Cl)cc(-c3c[nH]c4ncccc34)n2)CC1,1.0
NC1CCC(Nc2nccc(-c3c[nH]c4ncccc34)n2)CC1,1.0
CN(C)CC(=O)NC1CCCC(Nc2nc(Cl)cc(-c3c[nH]c4ncccc34)n2)C1,1.0
NC1CCCC(Nc2nc(Cl)cc(-c3c[nH]c4ncccc34)n2)C1,1.0
CCc1nccn2c(-c3ccnc(NCC(C)(C)O)n3)c(-c3ccc(F)cc3F)nc12,1.0
CC(C)COc1nccn2c(-c3ccnc(NCC(C)(C)CO)n3)c(-c3ccc(F)cc3)nc12,1.0
Cc1nccn2c(-c3ccnc(NCC(C)(C)O)n3)c(-c3ccc(F)cc3F)nc12,1.0
COc1nccn2c(-c3ccnc(NCC(C)(C)CO)n3)c(-c3ccc(F)cc3F)nc12,1.0
CC(C)(CO)CNc1nccc(-c2c(-c3ccc(F)cc3)nc3c(CCN)nccn23)n1,1.0
CN(C)CC(C)(C)CNc1nccc(-c2c(-c3ccc(F)cc3)nc3cnccn23)n1,0.0
COCCNc1nccc(-c2c(-c3ccc(F)cc3)nc3cnccn23)n1,1.0
CC(C)(CO)CNc1nccc(-c2c(-c3ccc(F)cc3)nc3c(Cl)nccn23)n1,0.0
Cc1nccn2c(-c3ccnc(NCC(C)(C)C(=O)O)n3)c(-c3ccc(F)cc3F)nc12,0.0
CC(C)(CO)CNc1nccc(-c2c(-c3ccc(F)cc3)nc3cnccn23)n1,0.0
COCC(C)(C)CNc1nccc(-c2c(-c3ccc(F)cc3)nc3c(C)nccn23)n1,1.0
Cc1cn2c(-c3ccnc(NCC(C)(C)CO)n3)c(-c3ccc(F)cc3F)nc2c(C)n1,1.0
CC(C)Oc1nccn2c(-c3ccnc(NCC(C)(C)CO)n3)c(-c3ccc(F)cc3F)nc12,1.0
CC(C)(CO)CNc1nccc(-c2c(-c3ccc(F)cc3)nc3c(OCC(F)(F)F)nccn23)n1,1.0
COc1nccn2c(-c3ccnc(NCC(C)(C)CO)n3)c(-c3ccc(F)cc3)nc12,1.0
CC(C)Oc1nccn2c(-c3ccnc(NCC(C)(C)O)n3)c(-c3ccc(F)cc3F)nc12,1.0
Cc1nccn2c(-c3ccnc(NCCC(C)(C)O)n3)c(-c3ccc(F)cc3F)nc12,1.0
CCc1ccc(Oc2nccc(-c3c(-c4ccc(F)cc4)ncn3C3CCNCC3)n2)cc1,0.0
Fc1ccc(-c2ncn(C3CCNCC3)c2-c2ccnc(Oc3cccc(F)c3)n2)cc1,0.0
NC(=O)Cc1ccccc1Oc1nccc(-c2c(-c3ccc(F)cc3)ncn2C2CCNCC2)n1,0.0
NC(=O)c1ccc(Oc2nccc(-c3c(-c4ccc(F)cc4)ncn3C3CCNCC3)n2)cc1,0.0
Cc1cccc(Oc2nccc(-c3c(-c4ccc(F)cc4)ncn3C3CCNCC3)n2)c1C,0.0
Fc1ccc(-c2ncn(C3CCNCC3)c2-c2ccnc(Oc3ccc(F)c(F)c3)n2)cc1,0.0
CS(=O)(=O)c1ccc(Oc2nccc(-c3c(-c4ccc(F)cc4)ncn3C3CCNCC3)n2)cc1,0.0
COc1ccccc1Oc1nccc(-c2c(-c3ccc(F)cc3)ncn2C2CCNCC2)n1,0.0
Fc1ccc(-c2ncn(C3CCNCC3)c2-c2ccnc(Oc3ccccc3)n2)cc1,0.0
Fc1ccc(Oc2nccc(-c3c(-c4ccc(F)cc4)ncn3C3CCNCC3)n2)cc1,0.0
O=C(O)c1ccc(Oc2nccc(-c3c(-c4ccc(F)cc4)ncn3C3CCNCC3)n2)cc1,0.0
NC(=O)CCc1ccccc1Oc1nccc(-c2c(-c3ccc(F)cc3)ncn2C2CCNCC2)n1,0.0
Fc1ccc(-c2ncn(C3CCNCC3)c2-c2ccnc(Oc3cccc(C(F)(F)F)c3)n2)cc1,0.0
CC(C)(C)c1ccc(Oc2nccc(-c3c(-c4ccc(F)cc4)ncn3C3CCNCC3)n2)cc1,0.0
Fc1ccc(-c2ncn(C3CCNCC3)c2-c2ccnc(Oc3ccc(Cl)cc3)n2)cc1,0.0
N#Cc1ccc(Oc2nccc(-c3c(-c4ccc(F)cc4)ncn3C3CCNCC3)n2)cc1,0.0
COc1cc2ncn(-c3cc(OCc4ccccc4C(F)(F)F)c(C(C)=O)s3)c2cc1OC,0.0
COc1cc2ncn(-c3cc(OC(C)c4ccccc4Cl)c(C(N)=O)s3)c2cc1OC,0.0
NC(=O)c1sc(-n2cnc3ccc(C(F)(F)F)cc32)cc1OCc1ccccc1Br,0.0
CNC(=O)c1sc(-n2cnc3cc(OC)c(OC)cc32)cc1OCc1ccccc1C(F)(F)F,0.0
COc1cc2ncn(-c3cc(OCc4ccccc4Cl)c(C(N)=O)s3)c2cc1OC,0.0
COc1cccc(COc2cc(-n3cnc4ccccc43)sc2C(N)=O)c1,0.0
COc1cc2ncn(-c3cc(OCc4ccccc4C(F)(F)F)c(C(=O)N(C)C)s3)c2cc1OC,0.0
NC(=O)c1sc(-n2cnc3ccccc32)cc1OCc1ccccc1Br,0.0
NC(=O)c1sc(-n2cnc3cc(C(F)(F)F)ccc32)cc1OCc1ccccc1Br,0.0
COc1ccc2ncn(-c3cc(OC(C)c4ccccc4Cl)c(C(N)=O)s3)c2c1,0.0
COc1ccc2ncn(-c3cc(OC(C)c4ccccc4C(F)(F)F)c(C(N)=O)s3)c2c1,0.0
COc1cc2ncn(-c3cc(OCc4ccccc4C(F)(F)F)c(C(N)=O)s3)c2cc1OC,0.0
COc1cc2ncn(-c3cc(OCc4ccccc4S(C)(=O)=O)c(C#N)s3)c2cc1OC,0.0
CC(Oc1cc(-n2cnc3ccc(OCC(O)CO)cc32)sc1C(N)=O)c1ccccc1Cl,0.0
COC(=O)c1sc(-n2cnc3cc(OC)c(OC)cc32)cc1OCc1ccccc1C(F)(F)F,0.0
CCS(=O)(=O)c1ccc(OC)c(Nc2ncc(-c3cccc(OC)c3)o2)c1,0.0
CCS(=O)(=O)c1ccc(OC)c(Nc2ncc(-c3cccc(C(C)=O)c3)o2)c1,0.0
COc1ccc(Nc2ncc(-c3ccccc3)o2)cc1OC,0.0
NS(=O)(=O)c1ccc(Nc2ncc(-c3ccccc3)o2)cc1,0.0
COc1cc(Nc2ncc(-c3ccccc3)o2)cc(OC)c1,0.0
COc1ccccc1Nc1ncc(-c2ccccc2)o1,0.0
CCN(CC)S(=O)(=O)c1ccc(OC)c(Nc2ncc(-c3ccccc3)o2)c1,0.0
N#Cc1cccc(Nc2ncc(-c3ccccc3)o2)c1,0.0
COc1cc(Nc2ncc(-c3ccccc3)o2)cc(OC)c1OC,0.0
CCS(=O)(=O)c1ccc(OC)c(Nc2ncc(-c3ccccc3Cl)o2)c1,0.0
CCS(=O)(=O)c1ccc(OC)c(Nc2ncc(-c3cccc(F)c3)o2)c1,0.0
Cc1cccc(Nc2ncc(-c3ccccc3)o2)c1,0.0
c1ccc(Nc2ncc(-c3ccccc3)o2)cc1,0.0
N#Cc1ccc(C(=O)Nc2n[nH]c3ccc(-c4cn(Cc5ccccc5)nn4)cc23)cc1,1.0
O=C(Nc1n[nH]c2ccc(-c3cn(Cc4ccccc4)nn3)cc12)c1ccc(Cl)cc1,0.0
O=C(Nc1n[nH]c2ccc(-c3cn(Cc4ccccc4)nn3)cc12)c1cccc(Cl)c1,0.0
COc1ccc(C(=O)Nc2n[nH]c3ccc(-c4cn(Cc5ccccc5)nn4)cc23)cc1OC,1.0
N#Cc1cccc(C(=O)Nc2n[nH]c3ccc(-c4cn(Cc5ccccc5)nn4)cc23)c1,0.0
O=C(Nc1n[nH]c2ccc(-c3cn(Cc4ccccc4)nn3)cc12)c1ccccc1,1.0
O=C(Nc1n[nH]c2ccc(-c3cn(Cc4ccccc4)nn3)cc12)c1cccc(F)c1,1.0
COc1cccc(C(=O)Nc2n[nH]c3ccc(-c4cn(Cc5ccccc5)nn4)cc23)c1,0.0
CN(C)c1ccc(C(=O)Nc2n[nH]c3ccc(-c4cn(Cc5ccccc5)nn4)cc23)cc1,0.0
O=C(Nc1n[nH]c2ccc(-c3cn(Cc4ccccc4)nn3)cc12)c1cc(F)ccc1F,0.0
O=C(Nc1n[nH]c2ccc(-c3cn(Cc4ccccc4)nn3)cc12)c1ccc(F)cc1,1.0
CS(=O)(=O)CCNCc1ccc(-c2ccc3ncnc(Nc4ccc(OCc5cccc(C(F)(F)F)c5)cc4)c3c2)o1,0.0
CS(=O)(=O)CCNCc1ccoc1-c1ccc2ncnc(Nc3ccc(OCc4ccccc4)cc3)c2c1,0.0
CS(=O)(=O)CCNCc1ccc(-c2ccc3ncnc(Nc4ccc(OCc5cccc(F)c5)c(C(F)(F)F)c4)c3c2)o1,0.0
CS(=O)(=O)CCNCc1ccc(-c2ccc3ncnc(Nc4ccc(OCc5ccccc5)c(C(F)(F)F)c4)c3c2)o1,0.0
CS(=O)(=O)CCNCc1coc(-c2ccc3ncnc(Nc4ccc(OCc5ccccc5)cc4)c3c2)c1,0.0
CS(=O)(=O)CCNCc1ccc(-c2ccc3ncnc(Nc4ccc(OCc5ccccc5)c(Cl)c4)c3c2)o1,0.0
CS(=O)(=O)CCN(CC#N)Cc1ccc(-c2ccc3ncnc(Nc4ccc(OCc5cccc(F)c5)c(Cl)c4)c3c2)o1,0.0
CS(=O)(=O)CCNCc1ccc(-c2ccc3ncnc(Nc4ccc(OCc5ccccc5)c(Br)c4)c3c2)o1,0.0
CS(=O)(=O)CCNCc1ccc(-c2ccc3ncnc(Nc4ccc(OCc5ccccc5)cc4)c3c2)o1,0.0
c1ccc(COc2ccc(Nc3ncnc4ccc(-c5ccco5)cc34)cc2)cc1,0.0
CCCN(CCS(C)(=O)=O)Cc1ccc(-c2ccc3ncnc(Nc4ccc(OCc5cccc(F)c5)c(Cl)c4)c3c2)o1,0.0
Cc1cc(O)cc(C)c1C=Cc1cncc(C(N)=O)c1,0.0
COC(=O)c1cncc(C=Cc2c(C)cc(O)cc2C)c1,0.0
CCc1cccc(CC)c1C=Cc1cncc(C(=O)NC)c1,0.0
CNC(=O)c1cncc(C=Cc2c(Cl)cccc2Cl)c1,0.0
Cc1cc(O)cc(C)c1C=Cc1cncc(C(=O)OC(C)(C)C)c1,0.0
Cc1cc(O)cc(C)c1C=Cc1cncc(C(=O)N(C)C)c1,0.0
CNC(=O)c1cncc(C=Cc2ccccc2C)c1,0.0
CNC(=O)c1cncc(C=Cc2c(C)cccc2C)c1,0.0
CNC(=O)Oc1cc(C)c(C=Cc2cncc(C(=O)NC)c2)c(C)c1,0.0
CNC(=O)c1cncc(C=Cc2ccccc2Cl)c1,0.0
Cc1cccc(NC(=O)Nc2ccc(-c3csc4c(C#CC(C)(C)N)cnc(N)c34)cc2)c1,0.0
CNC(=O)c1cnc(N)c2c(-c3ccc(NC(=O)Nc4cc(C)ccc4F)cc3)csc12,0.0
Nc1nccc2scc(-c3ccc(NC(=O)Nc4cccc(F)c4)cc3)c12,0.0
Cc1cccc(NC(=O)Nc2ccc(-c3csc4c(C#CCCCCCCCCN)cnc(N)c34)cc2)c1,1.0
Nc1nccc2scc(-c3ccc(NC(=O)Nc4cccc(Br)c4)cc3)c12,0.0
Cc1cccc(NC(=O)Nc2ccc(-c3csc4c(C#CCN)cnc(N)c34)cc2)c1,0.0
Cc1cccc(NC(=O)Nc2ccc(-c3csc4ccnc(N)c34)cc2)c1,0.0
Nc1nccc2scc(-c3ccc(NC(=O)Nc4ccccc4C(F)(F)F)cc3)c12,0.0
Nc1nccc2scc(-c3ccc(NC(=O)Nc4cccc(Cl)c4)cc3)c12,0.0
COC(=O)Cc1csc(-c2nc3cc4ccccc4cc3nc2-c2cc(CC(=O)OC)cs2)c1,0.0
c1csc(-c2nc3cc4ccccc4cc3nc2-c2cccs2)c1,0.0
O=C(O)Cc1csc(-c2nc3cc4ccccc4cc3nc2-c2cc(CC(=O)O)cs2)c1,0.0
COC(=O)CCCc1ccc(-c2nc3cc4ccccc4cc3nc2-c2ccc(CCCC(=O)OC)s2)s1,0.0
O=C(O)c1ccc(-c2nc3cc4ccccc4cc3nc2-c2ccc(C(=O)O)s2)s1,0.0
O=C(O)Cc1ccc(-c2nc3cc4ccccc4cc3nc2-c2ccc(CC(=O)O)s2)s1,0.0
COC(=O)CCc1ccc(-c2nc3cc4ccccc4cc3nc2-c2ccc(CCC(=O)OC)s2)s1,0.0
O=C(O)CCCc1ccc(-c2nc3cc4ccccc4cc3nc2-c2ccc(CCCC(=O)O)s2)s1,0.0
O=C(O)c1ccc2cc3nc(-c4cccs4)c(-c4cccs4)nc3cc2c1,0.0
COc1ccc2c(-c3ccnc(Nc4cccc(OC(F)(F)F)c4)n3)cnn2n1,0.0
CCOc1ccc2c(-c3ccnc(Nc4cc(OC)cc(C(F)(F)F)c4)n3)cnn2n1,0.0
CCOc1ccc2c(-c3ccnc(Nc4cccc(C(F)(F)F)c4)n3)cnn2n1,0.0
CCN(CC)Cc1ccc(Nc2nccc(-c3cnn4ncccc34)n2)cc1,0.0
COc1cc(Nc2nccc(-c3cnn4ncccc34)n2)cc(OC)c1,0.0
N#Cc1cccc(Nc2nccc(-c3cnn4ncccc34)n2)c1,0.0
CC(C)c1ccc(Nc2nccc(-c3cnn4ncccc34)n2)cc1,0.0
COc1cccc(Nc2nccc(-c3cnn4ncccc34)n2)c1,0.0
O=C1NC(=O)C(c2ccccc2Cl)=C1Nc1cc(Cl)c(O)c(Cl)c1,0.0
O=C1NC(=O)C(c2cccc(Cl)c2)=C1Nc1ccc(O)c(Cl)c1,0.0
O=C1NC(=O)C(c2cccc([N+](=O)[O-])c2)=C1Nc1cc(Cl)c(O)c(Cl)c1,0.0
O=C1NC(=O)C(c2ccccc2)=C1Nc1ccccc1,0.0
COc1ccccc1C1=C(Nc2ccccc2)C(=O)NC1=O,0.0
O=C1NC(=O)C(c2ccc(Cl)cc2)=C1Nc1ccc(Cl)c(C(=O)O)c1,0.0
O=C1NC(=O)C(c2ccccc2Cl)=C1Nc1cccc(O)c1,0.0
O=C1NC(=O)C(c2cccc(Cl)c2)=C1Nc1ccc(Cl)c(C(=O)O)c1,0.0
COc1cc(Nc2ncc([N+](=O)[O-])c(Nc3ccccc3C(N)=O)n2)cc(OC)c1OC,1.0
N#CCOc1ccc(Nc2nc(Nc3cccc(S(N)(=O)=O)c3)ncc2Br)cc1,0.0
O=C(O)c1ccccc1Nc1ccnc(Nc2cccc(O)c2)n1,1.0
Cc1ccc(Nc2ccnc(Nc3cccc(C(N)=O)c3)n2)cc1O,0.0
O=C(O)c1ccccc1Nc1ccnc(Nc2cccc(F)c2)n1,1.0
NC(=O)c1cccc(Nc2nccc(Nc3cccc(F)c3)n2)c1,0.0
O=C(O)c1ccccc1Nc1ccnc(Nc2ccc([N+](=O)[O-])cc2)n1,1.0
CN(C)CCNC(=O)Nc1ccc(N(C)c2ccnc(Nc3ccc(CS(C)(=O)=O)cc3)n2)cc1,0.0
NS(=O)(=O)c1ccc(NN=C2C(=O)Nc3ccc(Cl)cc32)cc1,0.0
Cc1cc(Cl)cc2c1NC(=O)C2=NNc1ccc(S(N)(=O)=O)cc1,0.0
CC(C)c1ccc2c(c1)NC(=O)C2=NNc1ccc(S(N)(=O)=O)cc1,0.0
CC(C)(CO)CNC(=O)c1ccc2c(c1)C(=NNc1ccc(S(N)(=O)=O)cc1)C(=O)N2,0.0
Cc1ccc2c(c1)C(=NNc1ccc(S(N)(=O)=O)cc1)C(=O)N2,0.0
CC(C)=Cc1cccc2c1C(=NNc1ccc(S(N)(=O)=O)cc1)C(=O)N2,0.0
Cc1cccc2c1NC(=O)C2=NNc1ccc(S(N)(=O)=O)cc1,0.0
CS(=O)(=O)Nc1cccc(-c2ccc3c(NC(=O)C4CC4)n[nH]c3c2)c1,0.0
O=C(Nc1n[nH]c2cc(-c3ccccc3)ccc12)C1CC1,0.0
CS(=O)(=O)Nc1ccc(-c2ccc3c(NC(=O)C4CC4)n[nH]c3c2)cc1,0.0
NS(=O)(=O)c1cccc(-c2ccc3c(NC(=O)C4CC4)n[nH]c3c2)c1,0.0
NS(=O)(=O)c1ccc(-c2ccc3c(NC(=O)C4CC4)n[nH]c3c2)cc1,0.0
O=C(Nc1n[nH]c2cc(-c3cc(F)ccc3F)ccc12)C1CC1,0.0
O=C(Nc1n[nH]c2cc(-c3ccc(F)cc3)ccc12)C1CC1,0.0
CCn1c(-c2nonc2N)nc2c(C#CC(C)(C)O)nc(OCCNC)cc21,0.0
CCn1c(-c2nonc2N)nc2c(C#CCN)ncc(OCCCN)c21,0.0
Cn1c(-c2nonc2N)nc2cnccc21,0.0
CCc1nccc2c1nc(-c1nonc1N)n2CC,0.0
CCOc1nccc2c1nc(-c1nonc1N)n2CC,0.0
CN(C)CCCn1c(-c2nonc2N)nc2cnccc21,0.0
CCn1c(-c2nonc2N)nc2cncc(C(=O)NCCNC)c21,0.0
COc1cccc(-n2ncc3c(NN=Cc4cccc(F)c4)ncnc32)c1,0.0
COc1cccc(-n2ncc3c(NN=Cc4ccc(C(=O)NCCN(C)C)cc4)ncnc32)c1,0.0
COc1cccc(-n2ncc3c(NN=Cc4ccc(S(C)(=O)=O)cc4)ncnc32)c1,0.0
COc1cccc(-n2ncc3c(NN=Cc4ccc(C)cc4)ncnc32)c1,0.0
COc1cccc(C=NNc2ncnc3c2cnn3-c2cccc(OC)c2)c1,0.0
COc1cc(C=NNc2ncnc3c2cnn3-c2ccccc2)ccc1O,0.0
COc1cccc(-n2ncc3c(NN=Cc4ccc(F)cc4)ncnc32)c1,0.0
Cc1ccc2c(-c3ccnc(Nc4cccc(C(F)(F)F)c4)n3)c(-c3ccccc3)nn2n1,0.0
Clc1ccc(-c2nn3ncccc3c2-c2ccnc(Nc3ccccc3)n2)cc1,0.0
COc1ccc(-c2nn3ncccc3c2-c2ccnc(Nc3ccc(Cl)c(C(F)(F)F)c3)n2)cc1,0.0
Fc1ccc(Nc2nccc(-c3c(-c4ccc(C(F)(F)F)cc4)nn4ncccc34)n2)cc1F,0.0
COc1ccc(-c2nn3ncccc3c2-c2ccnc(Nc3cccc(C(F)(F)F)c3)n2)cc1,0.0
COc1ccc(-c2nn3ncccc3c2-c2ccnc(Nc3ccc(F)c(F)c3)n2)cc1,0.0
Oc1ccc(-c2nc(-c3ccc(F)cc3)c(-c3ccncc3)[nH]2)cc1,1.0
Oc1cccc(-c2nc(-c3ccccc3)[nH]c2-c2ccncc2)c1,0.0
NCc1ccc(-c2nc(-c3ccc(Cl)c(O)c3)c(-c3ccncc3)[nH]2)cc1,0.0
C[S+](O)c1ccc(-c2nc(-c3ccc(F)cc3)c(-c3ccncc3)[nH]2)cc1,1.0
Fc1ccc(-c2nc(-c3ccc(F)cc3)c(-c3ccncc3)[nH]2)cc1,1.0
CSc1ccc(-c2nc(-c3ccc(F)cc3)c(-c3ccncc3)[nH]2)cc1,1.0
CCCCC(=O)Nc1cc(-c2c[nH]c3ncccc23)cc(Cl)n1,1.0
CS(=O)(=O)NCCNc1cc(-c2c[nH]c3ncccc23)cc(Cl)n1,0.0
NCCNc1cc(-c2c[nH]c3ncccc23)cc(Cl)n1,1.0
CC(C)(CN)CNc1cc(-c2c[nH]c3ncccc23)cc(Cl)n1,0.0
Nc1cc(-c2c[nH]c3ncccc23)cc(Cl)n1,0.0
CC(C)(CN)CNc1cc(-c2c[nH]c3ncccc23)cc(F)n1,1.0
COc1ccc(S(C)(=O)=O)cc1C(=O)Nc1cccc(-c2nncn2C(C)C)n1,0.0
COc1cc(C)c(S(N)(=O)=O)cc1C(=O)Nc1cccc(-c2nncn2C(C)C)n1,0.0
COc1cc(C)c(C(N)=O)cc1C(=O)Nc1cccc(-c2nncn2C(C)C)n1,0.0
COc1cc(C)c(S(C)(=O)=O)cc1C(=O)Nc1cccc(-c2nncn2C(C)C)n1,0.0
COc1ccc(S(N)(=O)=O)cc1C(=O)Nc1cccc(-c2nncn2C(C)C)n1,0.0
COc1ccc(C(N)=O)cc1C(=O)Nc1cccc(-c2nncn2C(C)C)n1,0.0
COc1cnc(COc2ccc(F)cc2C)cc1-c1cc2c([nH]1)CCNC2=O,1.0
COc1cnc(COc2ccc(F)cc2F)cc1-c1cc2c([nH]1)CCNC2=O,1.0
COc1cnc(COc2cc(F)c(F)cc2C)cc1-c1cc2c([nH]1)CCNC2=O,1.0
COc1cnc(COc2ccc(F)c(F)c2)cc1-c1cc2c([nH]1)CCNC2=O,1.0
COc1cnc(COc2ccc(F)cc2)cc1-c1cc2c([nH]1)CCNC2=O,1.0
CS(=O)(=O)N1CCN(Cc2cn3cc(-c4cnc(N)nc4)nc(N4CCOCC4)c3n2)CC1,0.0
CS(=O)(=O)N1CCN(Cc2nc3c(N4CCOCC4)nc(-c4cnc(N)nc4)cn3c2Br)CC1,0.0
CS(=O)(=O)N1CCN(Cc2cn3c(Cl)c(-c4cnc(N)nc4)nc(N4CCOCC4)c3n2)CC1,0.0
Cc1nc(N)ncc1-c1cn2cc(CN3CCN(S(C)(=O)=O)CC3)nc2c(N2CCOCC2)n1,0.0
Cc1c(CN2CCN(S(C)(=O)=O)CC2)nc2c(N3CCOCC3)nc(-c3cnc(N)nc3)cn12,0.0
CNC(=O)c1cccc(C#Cc2cncnc2Nc2ccc(OCc3cccc(F)c3)c(Cl)c2)c1,0.0
Fc1cccc(COc2ccc(Nc3ncncc3C#Cc3ccccc3)cc2Cl)c1,0.0
CC(=O)NCc1cccc(C#Cc2cncnc2Nc2ccc(OCc3cccc(F)c3)c(Cl)c2)c1,0.0
CC(=O)Nc1cccc(C#Cc2cncnc2Nc2ccc(OCc3cccc(F)c3)c(Cl)c2)c1,0.0
Nc1ccc(C#Cc2cncnc2Nc2ccc(OCc3cccc(F)c3)c(Cl)c2)cc1,0.0
CS(=O)(=O)Nc1ccc(NC=C2C(=O)Nc3ccccc32)cc1,0.0
CC(C)COC(=O)c1ccc2c(c1)C(=CNc1ccc(S(N)(=O)=O)cc1)C(=O)N2,0.0
NS(=O)(=O)c1cccc(NC=C2C(=O)Nc3ccccc32)c1,0.0
CC(Nc1ccc(S(N)(=O)=O)cc1)=C1C(=O)Nc2ccccc21,0.0
CN(C)c1ccc2c(c1)C(=CNc1ccc(S(N)(=O)=O)cc1)C(=O)N2,0.0
Cc1ccccc1NC(=O)Nc1ccc(-c2coc3ncnc(N)c23)cc1,0.0
Nc1ncnc2occ(-c3ccc(NC(=O)Nc4cccc(C(F)(F)F)c4)cc3)c12,0.0
Nc1ncnc2occ(-c3ccc(NC(=O)Nc4cc(C(F)(F)F)cc(C(F)(F)F)c4)cc3)c12,0.0
Cc1ccc(NC(=O)Nc2ccc(-c3coc4ncnc(N)c34)cc2)cc1,0.0
Nc1ncnc2occ(-c3ccc(NC(=O)Nc4cc(C(F)(F)F)ccc4F)cc3)c12,0.0
Cc1n[nH]c2ccc(-c3cncc(OCC(N)Cc4ccccc4)c3)cc12,0.0
Cc1n[nH]c2ccc(-c3cncc(OCC(N)Cc4ccc(Cl)c(Cl)c4)c3)cc12,1.0
Cc1n[nH]c2ccc(-c3cncc(OCC(N)Cc4cccc(Cl)c4)c3)cc12,1.0
Cc1n[nH]c2ccc(-c3cncc(OCC(N)Cc4cccc(OC(F)(F)F)c4)c3)cc12,1.0
COc1ccc(-c2nn3ncccc3c2-c2ccnc(Nc3ccc4c(c3)OCCO4)n2)cc1,0.0
FC(F)(F)c1ccc(-c2nn3ncccc3c2-c2ccnc(Nc3ccc4c(c3)OCCO4)n2)cc1,0.0
FC(F)(F)c1cccc(-c2nn3ncccc3c2-c2ccnc(Nc3ccc4c(c3)OCCO4)n2)c1,0.0
Cc1ccc2c(-c3ccnc(Nc4ccc5c(c4)OCCO5)n3)c(-c3ccc(C(F)(F)F)cc3)nn2n1,0.0
NC(=O)c1ccc2c(-c3ccnc(NCCCO)n3)c(-c3ccc(F)cc3)nn2c1,0.0
Nc1nccc(-c2c(-c3ccc(F)cc3)nn3cc(C(F)(F)F)ccc23)n1,0.0
OCCCNc1nccc(-c2c(-c3ccc(F)cc3)nn3cc(C(F)(F)F)ccc23)n1,0.0
CN(C)CCCNc1nccc(-c2c(-c3ccc(F)cc3)nn3cc(C(F)(F)F)ccc23)n1,0.0
CNS(=O)(=O)c1ccc(N(C)C)c(Nc2ncnc3cc(OC)c(OC)cc23)c1,0.0
C#Cc1cccc(Nc2ncnc3ccc(OCCCCNCCS(C)(=O)=O)cc23)c1,0.0
c1ccc(Nc2ncnc3ccccc23)cc1,0.0
COc1cc2ncnc(Nc3ccc(C)c(O)c3)c2cc1OC,0.0
NS(=O)(=O)c1ccc(Nc2cc(-c3cccc(O)c3)n[nH]2)cc1,0.0
NS(=O)(=O)c1cccc(Nc2cc(-c3ccc(F)cc3)n[nH]2)c1,0.0
NS(=O)(=O)c1ccc(Nc2cc(-c3ccc(O)c(F)c3)n[nH]2)cc1,0.0
O=C1Nc2ccccc2C1=Cc1ccc[nH]1,1.0
CCN(CC)CCNC(=O)c1c(C)[nH]c(C=C2C(=O)Nc3ccc(F)cc32)c1C,1.0
Cc1cc(C)c(C=C2C(=O)Nc3ccccc32)[nH]1,0.0
Cc1cccc(-c2[nH]c(-c3ccnc(N)n3)cc2C(N)=O)c1C,1.0
NC(=O)c1cc(-c2ccnc(N)n2)[nH]c1-c1ccc(Cl)cc1F,1.0
NC(=O)c1cc(-c2ccnc(N)n2)[nH]c1-c1ccc(Cl)cc1Cl,1.0
O[S+]1CCN(Cc2ccc(-c3ccc4ncnc(Nc5ccc(OCc6ccccc6)c(F)c5)c4c3)o2)CC1,0.0
O[S+]1CCN(Cc2ccc(-c3ccc4ncnc(Nc5ccc(OCc6ccccc6)c(Cl)c5)c4c3)o2)CC1,0.0
O[S+]1CCN(Cc2ccc(-c3ccc4ncnc(Nc5ccc(OCc6cccc(F)c6)c(Cl)c5)c4c3)o2)CC1,0.0
CC1=C(C(=O)Nc2ccc3[nH]nc(C)c3c2)C(c2ccc(C(F)(F)F)cc2)CC(=O)N1,0.0
CC1=C(C(=O)Nc2cc(Cl)c3[nH]ncc3c2)C(c2ccc(C(F)(F)F)cc2)CC(=O)N1,0.0
CC1=C(C(=O)Nc2ccc3[nH]ncc3c2)C(c2ccc(Cl)c(Cl)c2)CC(=O)N1,0.0
O=C1Nc2ccc(I)cc2C1=Cc1cc(Br)c(O)c(Br)c1,0.0
COc1cc(OC)c(C=C2C(=O)Nc3ccccc32)c(OC)c1,0.0
COC(=O)c1ccc2c(c1)C(=Cc1cc(Br)c(O)c(Br)c1)C(=O)N2,0.0
Cc1nn(C)c2cc(N(C)c3ccnc(Nc4cccc(S(N)(=O)=O)c4)n3)ccc12,0.0
CCS(=O)(=O)c1ccc(OC)c(Nc2nccc(N(C)c3ccc4c(C)n[nH]c4c3)n2)c1,0.0
COc1cc(Nc2nccc(Nc3ccc4c(C)n[nH]c4c3)n2)cc(OC)c1OC,0.0
Nc1ncnc2scc(-c3ccc(NC(=O)Nc4cc(C(F)(F)F)ccc4F)cc3)c12,0.0
Cc1cc(C)cc(NC(=O)Nc2ccc(-c3c(C)sc4ncnc(N)c34)cc2)c1,0.0
Nc1ncnc2scc(-c3ccc(NC(=O)Nc4ccccc4)cc3)c12,1.0
CCCCn1c(NC(=O)c2cccc(C#N)c2)nc2cc(N(C)C(=O)C3CCCCC3)ccc21,0.0
CCCCn1c(NC(=O)c2ccc(C#N)cc2)nc2cc(N(C)C(=O)C3CCCCC3)ccc21,0.0
CN(C(=O)C1CCCCC1)c1ccc2c(c1)nc(NC(=O)c1ccc(C#N)cc1)n2C,0.0
COC(=O)Nc1nc2cc(Oc3ccc(NC(=O)Nc4ccccc4)cc3)ccc2[nH]1,0.0
COC(=O)Nc1nc2cc(Oc3ccc(NC(=O)Nc4cccc(C(=O)O)c4)cc3)ccc2[nH]1,0.0
COC(=O)Nc1nc2cc(Oc3ccc(NC(=O)Nc4cccc(Br)c4)cc3)ccc2[nH]1,0.0
CC(=O)N1CCC(Nc2cncc(C(=O)c3cn(C(C)C)c4ncnc(N)c34)n2)C1c1ccccc1,0.0
CC(=O)N1CCC(Nc2cncc(C(=O)c3cn(C(C)C)c4ncnc(N)c34)n2)C1c1ccc(F)cc1,0.0
CC(C)n1cc(C(=O)c2cncc(NC3CCN(C=O)C3c3ccc(F)cc3)n2)c2c(N)ncnc21,0.0
COc1ccc2cc(-c3c(-c4ccncc4)nc(-c4ccc([S+](C)O)cc4C)n3C)ccc2c1,0.0
COc1ccc2cc(-c3c(-c4ccncc4)nc(-c4ccc(S(C)(=O)=O)cc4C)n3C)ccc2c1,0.0
COc1ccc2cc(-c3c(-c4ccncc4)nc(-c4ccc([S+](C)O)cc4)n3C)ccc2c1,0.0
COc1cccc(-n2ncc3c(NN=Cc4ccncc4)ncnc32)c1,0.0
COc1cccc(-n2nc(C)c3c(NN=C(C)c4ccncc4)ncnc32)c1,0.0
CCCNc1cccc(-n2ncc3c(NN=Cc4ccncc4)ncnc32)c1,0.0
Cc1ccc(F)c(NC(=O)Nc2ccc(-c3cncc4c3c(N)nn4C)cc2)c1,0.0
Cn1nc(N)c2c(-c3ccc(NC(=O)Nc4cccc(C(F)(F)F)c4)cc3)cncc21,0.0
Cc1cccc(NC(=O)Nc2ccc(-c3cncc4c3c(N)nn4C)cc2)c1,0.0
COc1cc(N2CCN(C(C)C)CC2)ccc1Nc1nc(Nc2ccc(F)cc2C(=O)NCC(O)CO)c2cc[nH]c2n1,0.0
COc1cc(N2CCN(C(C)C)CC2)ccc1Nc1nc(Nc2cccc(F)c2C(=O)O)c2cc[nH]c2n1,0.0
COc1cc(N2CCN(C(C)C)CC2)ccc1Nc1nc(Nc2ccc(F)cc2C(N)=O)c2cc[nH]c2n1,0.0
CC1(C)OCc2c(Nc3n[nH]c4c(Cl)cccc34)nc(-c3cn[nH]c3)nc21,0.0
CC1(C)OCc2c(Nc3n[nH]c4c(Cl)cccc34)nc(-c3cn[nH]c3C(F)F)nc21,0.0
CC1(C)OCc2c(Nc3n[nH]c4ccccc34)nc(-c3cn[nH]c3)nc21,0.0
CC(C)C(N)C(=O)OCC(O)CNc1nc(NCc2ccc(-c3ccccn3)cc2)c2ncn(C(C)C)c2n1,1.0
CC(C)n1cnc2c(NCc3ccc(-c4ccccn4)cc3)nc(NCCC(O)CO)nc21,1.0
CC(C)n1cnc2c(NCc3ccc(-c4ccccn4)cc3)nc(NCC(O)CO)nc21,1.0
COc1ccc(-c2cc(-c3c[nH]nc3-c3ccccn3)ccn2)cc1,0.0
Fc1ccc(-c2cc(-c3c[nH]nc3-c3ccccn3)ccn2)cc1,0.0
CC(C)c1ccc(-c2cc(-c3c[nH]nc3-c3ccccn3)ccn2)cc1,0.0
CC1(C)CC(n2cnc(-c3ccc(F)cc3)c2-c2ccnc(N)n2)CC(C)(C)N1,0.0
COc1nccc(-c2c(-c3ccc(F)cc3)ncn2C2CCNCC2)n1,1.0
Nc1nccc(-c2c(-c3ccc(F)cc3)ncn2C2CCNCC2)n1,1.0
CC(C)(O)c1ccc(Nc2nc3ccc(C#N)cc3[nH]2)cc1,0.0
CC(C)(C)c1ccc(Nc2nc3ccc(C#N)cc3[nH]2)cc1,0.0
Cc1ccc(Nc2nc3ccc(C#N)cc3[nH]2)cc1,0.0
Nc1nc(Cl)cc(-c2c[nH]c3ncccc23)n1,0.0
CC(C)(CN)CNc1nc(Cl)cc(-c2c[nH]c3ncccc23)n1,1.0
CN1CCC(C(=O)Nc2n[nH]c3nnc(-c4ccccc4)cc23)CC1,0.0
CCN1CCC(C(=O)Nc2n[nH]c3nnc(-c4cccc(F)c4F)cc23)CC1,0.0
Cc1ccc(C(=O)Nc2c(C(N)=O)sc3ccc(Cl)c(Cl)c23)cc1,0.0
NC(=O)c1sc2ccc(Cl)c(Cl)c2c1NC(=O)c1ccc(Cl)cc1,0.0
CN(c1ccc(NC(=O)Nc2c(Cl)cccc2Cl)cc1)c1ccnc(Nc2cccc(CS(C)(=O)=O)c2)n1,0.0
CN(c1ccc(NC(=O)Nc2ccc(OC(F)(F)F)cc2)cc1)c1ccnc(Nc2cccc(S(N)(=O)=O)c2)n1,0.0
CN(C)CCCOc1cc2c(c(-c3ccc(Nc4nc5ccccc5o4)cc3)c1)CNC2=O,0.0
NCCCOc1cc2c(c(-c3ccc(Nc4nc5ccccc5o4)cc3)c1)CNC2=O,1.0
NC(=O)c1cc2c(-c3ccc(Br)cc3)cncc2s1,1.0
NC(=O)c1cc2c(-c3ccc(F)cc3)cncc2s1,0.0
CC(C)(C)c1ccc2nc(-c3n[nH]c4ccccc34)[nH]c2c1,0.0
CCCCN(CCC#N)C(=O)c1ccc2nc(-c3n[nH]c4ccccc34)[nH]c2c1,1.0
CS(=O)(=O)N1CCN(Cc2nc3c(N4CCOCC4)nc(-c4cnc(N)nc4)cn3n2)CC1,0.0
CS(=O)(=O)N1CCN(Cc2nc3c(N4CCOCC4)nc(-c4cnc(N)nc4)c(Cl)n3n2)CC1,0.0
OCCCn1cnc(-c2ccccc2)c1-c1ccncc1,1.0
OCCCn1cnc(-c2ccc(F)cc2)c1-c1ccncc1,0.0
COc1cc(C=C2SC(=Nc3ccccc3)NC2=O)ccc1O,0.0
COc1ccc(C=C2SC(=Nc3ccccc3)NC2=O)cc1O,0.0
COc1ccc(C2=C(N3CCc4ccccc43)C(=O)NC2=O)cc1,0.0
O=C1NC(=O)C(N2CCc3ccccc32)=C1c1ccc(Cl)cc1,0.0
Nc1ncc(-c2ccoc2)c2scc(-c3ccc(NC(=O)Nc4ccccc4F)cc3)c12,0.0
Nc1ncc(-c2ccoc2)c2scc(-c3ccc(NC(=O)Nc4cccc(F)c4)cc3)c12,0.0
CCn1c(-c2nonc2N)nc2ccccc21,0.0
CCn1c(-c2nonc2N)nc2ccc(F)cc21,0.0
Oc1cc2nc(-c3cccs3)c(-c3cccs3)nc2cc1O,0.0
COc1cc2nc(-c3cccs3)c(-c3cccs3)nc2cc1OC,0.0
CC(=O)N1CCC(Nc2nccc(-c3c(-c4ccc(F)cc4)nc4occn34)n2)CC1,1.0
Fc1ccc(-c2nc3occn3c2-c2ccnc(NC3CCNCC3)n2)cc1,1.0
O=C(Nc1n[nH]c2nc(-c3ccco3)ccc12)C1CC1,0.0
O=C(Nc1n[nH]c2nc(-c3ccco3)c(Br)cc12)C1CC1,0.0
Clc1ccc(-c2n[nH]cc2-c2ccncn2)cc1Cl,0.0
Cn1cc(-c2ccncn2)c(-c2ccc(F)cc2)n1,0.0
Cc1nc(N)c2ccn(C3CCN(C(=O)c4ccc(S(=O)(=O)F)cc4)CC3)c2n1,0.0
Nc1ncnc2c1ccn2C1CCN(C(=O)c2ccc(S(=O)(=O)F)cc2)CC1,0.0
CN(C)C(=O)OC1CNC(C#Cc2cc3ncnc(Nc4ccc(OCc5cccc(F)c5)c(Cl)c4)c3s2)C1,0.0
CCNC(=O)OC1CNC(C#Cc2cc3ncnc(Nc4ccc(OCc5cccc(F)c5)c(Cl)c4)c3s2)C1,0.0
NC(=O)c1sc(-c2ccnc(N)n2)nc1-c1ccc(Cl)cc1Cl,1.0
COc1ccc(-c2nc(-c3ccnc(N)n3)sc2C(N)=O)c(Cl)c1,1.0
CC(C)(CO)CNc1nccc(-c2c(-c3ccc(F)cc3)nc3c(CC4CC4)nccn23)n1,0.0
CC(C)(O)CNc1nccc(-c2c(-c3ccc(F)cc3F)nc3c(CC4CC4)nccn23)n1,1.0
CCCC(=O)Nc1n[nH]c2ccc(-c3cn(Cc4ccccc4)nn3)cc12,0.0
Cc1c(-c2ccc3[nH]nc(N)c3c2)nnn1Cc1ccccc1,0.0
Nc1nc(-c2cccc(Cl)c2)c(-c2ccc3ncccc3n2)s1,0.0
Nc1nc(-c2ccc(F)cc2)c(-c2ccc3ncccc3n2)s1,0.0
Cn1cc(Nc2ncc(Cl)c(Nc3ccccc3C(N)=O)n2)cn1,1.0
Cn1cc(Nc2ncc(Br)c(Nc3ccccc3C(N)=O)n2)cn1,1.0
Cc1n[nH]c2ccc(-c3cncc(OCCN)c3)cc12,0.0
Cc1n[nH]c2ccc(-c3cccnc3)cc12,0.0
NC(=O)c1cc2c(Oc3ccc(Br)cc3)cncc2s1,0.0
NC(=O)c1cc2c(Oc3cccc(F)c3)cncc2s1,0.0
COC(=O)Nc1nc2ccc(Oc3ccc(NC(=O)Nc4cccc(Cl)c4)cc3)cc2[nH]1,0.0
CCc1cccc(NC(=O)Nc2ccc(Oc3ccc4nc(NC(=O)OC)[nH]c4c3)cc2)c1,0.0
COc1ccc(CNc2cc(-c3c[nH]c4ncccc34)cc(F)n2)cc1,1.0
Clc1cc(-c2c[nH]c3ncccc23)cc(NCc2ccccc2)n1,1.0
CC(=O)c1ccccc1-c1ncnc2[nH]ccc12,0.0
Cc1cc(-c2ncnc3[nH]ccc23)ccc1F,0.0
CS(=O)(=O)Nc1ccc(-c2cc(-c3ccccc3)cc(C(N)=O)c2N)cc1,0.0
COc1c(C(N)=O)cc(-c2ccc(Cl)cc2)cc1-c1ccc(S(N)(=O)=O)cc1,0.0
O=C1Nc2ccccc2C1=Cc1c[nH]c2ccccc12,1.0
COc1ccc2[nH]cc(C=C3C(=O)Nc4ccccc43)c2c1,0.0
CCN1CCN(c2ccc(Nc3ncc(Cl)c(Nc4ccc5[nH]ncc5c4)n3)cc2)CC1,0.0
CN1CCN(c2ccc(Nc3ncc(Cl)c(Nc4ccc5[nH]ncc5c4)n3)cc2)CC1,0.0
Cc1ccc(-c2nn(C(C)(C)C)c3ncnc(N)c23)cc1,0.0
CC(C)(C)n1nc(-c2ccc(Cl)cc2)c2c(N)ncnc21,1.0
COc1cc(C=NNc2ncnc3c2cnn3C(C)C)ccc1O,0.0
COc1cc(C=NNc2ncnc3[nH]ncc23)ccc1O,0.0
N#Cc1c(NC(=O)c2ccccc2F)sc2c1CCCC2,0.0
N#Cc1c(NC(=O)c2ccc(F)cc2)sc2c1CCCC2,0.0
O=C(Nc1n[nH]c2nc(-c3ccc(O)cc3)c(Br)cc12)C1CC1,0.0
COc1ccc(-c2ccc3c(NC(=O)C4CC4)n[nH]c3n2)cc1,0.0
NC(=O)c1cccc2cn[nH]c12,0.0
CC(=O)n1ncc2cc(N)ccc21,0.0
NS(=O)(=O)c1cccc(-c2cc3ccncc3cc2OCc2ccccc2)c1,0.0
NS(=O)(=O)c1ccc(-c2cc3ccncc3cc2OCc2ccccc2)cc1,0.0
c1csc(-c2nc3cc4c(cc3nc2-c2cccs2)OCCO4)c1,0.0
O=C(O)C1COc2cc3nc(-c4cccs4)c(-c4cccs4)nc3cc2O1,0.0
Fc1ccc(-c2nc3cnccn3c2-c2ccnc(NCC3CC3)n2)cc1,1.0
Cc1nccn2c(-c3ccnc(NCC4(O)CC4)n3)c(-c3ccc(F)cc3F)nc12,1.0
CCC(CO)Nc1nc(NCc2ccccc2)c2ncn(C(C)C)c2n1,0.0
Fc1cccc(CNc2ncnc3[nH]cnc23)c1,0.0
CC(Oc1cc(-n2cnc3ccc(OCC4CCN(C)CC4)cc32)sc1C(N)=O)c1ccccc1Cl,0.0
CC(Oc1cc(-n2cnc3ccc(OCC4CCN(C)CC4)cc32)sc1C(N)=O)c1ccccc1C(F)(F)F,0.0
OC1CCCC(Nc2cc(Cl)nc(-c3c[nH]c4ncccc34)n2)C1,0.0
NC1CCC(Nc2cc(Cl)nc(-c3c[nH]c4ncccc34)n2)CC1,1.0
CCCNC(=O)c1ccc(Nc2nc(CC)c3cc[nH]c3n2)cc1,1.0
CCCNC(=O)c1ccc(Nc2nc(NCC(F)(F)F)c3cc[nH]c3n2)cc1,1.0
COc1ccc(CNC(=O)c2ccc(-c3cc(-c4nnc(C)o4)ccc3C)cc2)cc1,0.0
Cc1nnc(-c2ccc(C)c(-c3ccc(C(=O)NCc4ccc(Cl)cc4)cc3)c2)o1,0.0
CNc1nc(C)c(-c2ccnc(Nc3ccc(N4CCNCC4)cc3)n2)s1,1.0
CCNc1nc(C)c(-c2ccnc(Nc3ccc(N4CCN(C(C)=O)CC4)cc3)n2)s1,1.0
NC(=O)c1cc(-c2ccncc2)cc(-c2ccccc2)c1N,0.0
NC(=O)c1cc(-c2ccc(F)cc2)cc(-c2ccncc2)c1N,0.0
Nc1ccc(O)c2c1C(=O)c1ccccc1C2=O,0.0
Nc1ccc(N)c2c1C(=O)c1ccccc1C2=O,0.0
N#Cc1c(NC(=O)c2cccc3ccccc23)sc2c1CCCC2,0.0
N#Cc1c(NC(=O)c2ccc(F)c3ccccc23)sc2c1CCCC2,0.0
COc1cc2c(cc1Nc1nc(Nc3ccsc3C(N)=O)c3cc[nH]c3n1)N(C(=O)CN(C)C)CCC2,0.0
COc1cc2c(cc1Nc1nc(Nc3ccsc3C(N)=O)c3cc[nH]c3n1)N(C(=O)CN(C)C)CCC2(C)C,0.0
Cc1ccc(C(=O)NC(C)C)cc1-c1ccc(C(=O)NCC2CC2)cc1,0.0
CCC(=O)Nc1ccc(C)c(-c2ccc(C(=O)NCC3CC3)cc2)c1,0.0
OCc1ccc(-c2nc(-c3ccccn3)c(-c3ccc4c(c3)OCO4)[nH]2)cc1,0.0
NC(=O)c1ccc(-c2nc(-c3ccccn3)c(-c3ccc4c(c3)OCO4)[nH]2)cc1,1.0
Nc1nnc(-c2cc3c(Oc4ccc(Cl)cc4)cncc3s2)o1,0.0
Cc1nnc(-c2cc3c(Oc4ccc(C(F)(F)F)cc4)cncc3s2)o1,0.0
CC(C)(C)c1cc(NC(=O)C(=O)c2cccc3ccccc23)n(-c2ccc(OCC(N)=O)cc2)n1,0.0
CC(C)(C)c1cc(NC(=O)C(=O)c2cccc3ccccc23)n(-c2ccc(OCCC(N)=O)cc2)n1,0.0
COc1cc(C)c(NC(=O)CN(C)C)cc1Nc1nc(Nc2cccc(F)c2C(N)=O)c2cc[nH]c2n1,0.0
COc1cc(C)c(N(C)C(=O)CN(C)C)cc1Nc1nc(Nc2cccc(F)c2C(N)=O)c2cc[nH]c2n1,0.0
CC(C)CCN1c2nc(Nc3cc(F)c(O)c(F)c3)ncc2N(C)C(=O)C1C,1.0
NC1CCN(c2ncnc3[nH]ccc23)CC1,0.0
NC1(C(=O)NCc2ccc(Cl)cc2)CCN(c2ncnc3[nH]ccc23)CC1,0.0
O=C(Nc1cccc(C2Nc3ccc4ccccc4c3C3C=CCC32)c1)c1ccc(F)cc1,0.0
NC(=O)c1ccc(-c2c[nH]c3nccc(Cl)c23)cc1,0.0
O=C1C(=Cc2ccc(O)c(O)c2)Oc2ccccc21,0.0
COc1ccc(-c2nn(C3CCC3)c3ncnc(N)c23)cc1OC,0.0
COc1cc2nc3nc(-c4cccs4)c(-c4cccs4)nc3nc2cc1OC,0.0
CC(C)n1nc(-c2ccc3ncccc3c2)c2c(N)ncnc21,0.0
Cc1cnc(Nc2ccc(F)cc2Cl)nc1-c1c[nH]c(C(=O)NC(CO)c2cccc(Cl)c2)c1,0.0
CCCCOc1ccccc1CCc1cccc2nc(N)nc(N)c12,0.0
Cc1cc(-c2ccco2)cc(C)c1C=Cc1cncc(-c2nn[nH]n2)c1,0.0
CCc1nc(Nc2ccc(N3CCOCC3)c(Cl)c2)nc2[nH]ccc12,1.0
O=C(NCCc1cccs1)N1CC=C(c2c[nH]c3ncccc23)CC1,0.0
CCn1c(-c2nonc2N)nc2c(C#CC(C)(C)O)ncc(OCC3CCNCC3)c21,0.0
CS(=O)(=O)N1CCN(Cc2cn3nc(-c4cnc(N)nc4)nc(N4CCOCC4)c3n2)CC1,0.0
CN(C)c1cc2c(Nc3ccc4c(cnn4Cc4ccccc4)c3)ncnc2cn1,0.0
N#Cc1ccc2nc(Nc3ccc(Oc4ccccc4)cc3)[nH]c2c1,0.0
COc1cccc(C(C)NC(=O)c2ccc(-c3ccncc3)s2)c1,0.0
N#Cc1cccc(NC(=O)Nc2ccnc3cc(C(F)(F)F)ccc23)n1,1.0
Cc1n[nH]c2cc(Nc3nc(NC4CC4)c4occc4n3)ccc12,0.0
O=S(=O)(NCCNCC=Cc1ccc(Br)cc1)c1cccc2cnccc12,0.0
CN(C)CCOc1ccc(-c2nc(-c3ccncc3)c(-c3ccc4c(c3)CCC4=NO)[nH]2)cc1,0.0
CC(C)c1cnn2c(NCc3ccccc3)cc(NC(CO)C(O)CO)nc12,0.0
COc1cccc(-c2c[nH]c3c(NN=Cc4ccncc4)ncnc23)c1,0.0
COc1ccc2[nH]c3c4[nH]c5ccc(OC)cc5c4c4c(c3c2c1)C(=O)NC4=O,0.0
COc1ccc2nc3nc(NCc4ccc(CN5CCN(C)CC5)cc4)[nH]c(=O)c3nc2c1,0.0
CN(c1ccc(NC(=O)NCCN2CCOCC2)cc1)c1ccnc(Nc2ccc(CS(C)(=O)=O)cc2)n1,0.0
CC(C)(O)c1cn(-c2ccc3[nH]ncc3c2)nn1,0.0
COC(=O)Nc1cc(-c2c(C3CC3)n[nH]c2C)cc2[nH]ncc12,0.0
Cc1ccc(Nc2nc3ccc([N+](=O)[O-])cc3[nH]2)nc1,0.0
NC(=O)c1cccc2[nH]c(-c3ccc(NC(=O)c4cccc(S(=O)(=O)N5CCOCC5)c4)cc3)nc12,0.0
Nc1nc(-c2ccc3c(c2)C(=Cc2cc(Br)c(O)c(Br)c2)C(=O)N3)cs1,0.0
Nc1nccc(C#Cc2cncnc2Nc2ccc(OCc3cccc(F)c3)c(Cl)c2)n1,0.0
Nc1ncnc2scc(-c3ccccc3)c12,1.0
O=c1[nH][nH]c2ccc(Br)cc12,0.0
Nc1nccc2cnc(-c3ccccc3)n12,1.0
CCS(=O)(=O)c1ccc(OC)c(Nc2ncc(-c3cccc(-c4ccccc4F)c3)o2)c1,0.0
Nc1n[nH]c2cccc(-c3ccc(F)cc3)c12,0.0
O=C1NC(=O)c2c1c(-c1ccccc1Cl)cc1[nH]c3ccc(O)cc3c21,1.0
CC(N)COc1cnc(Cl)c(C=Cc2ccncc2)c1,0.0
COc1ccc(-c2ccncc2)cc1C(N)=O,0.0
CC(C)n1nc(-c2cnc(N)c(OC(F)(F)F)c2)cc1C1C2CN(C3COC3)CC21,0.0
CNC(=O)c1cc(Oc2ccc(NC(=O)Nc3ccc(Cl)c(C(F)(F)F)c3)cc2)ccn1,1.0
Nc1n[nH]c2ncc(Br)cc12,0.0
CC(Nc1nccc(-c2c(-c3ccc(F)cc3)nc3occn23)n1)c1ccccc1,1.0
Cc1ccc(C(=O)NC2CCCCC2)cc1-c1ccc(C(=O)NCC2CC2)cc1,0.0
FC(F)(F)CNc1nccc(-c2cnn3ncccc23)n1,0.0
c1cnn2ncc(-c3ccnc(Nc4ccc5c(c4)OCCO5)n3)c2c1,0.0
N#Cc1cnc(Cl)nc1N,0.0
CC(C)n1cnc2c(NCc3ccc(-c4ccccn4)cc3)nc(N3CC(O)CC3CO)nc21,1.0
Nc1nccc(-c2cn(C(=O)N3CCOCC3)c3ccc(Br)cc23)n1,0.0
CC(C)(C)c1cc(NC(=O)Nc2ccc(Oc3ccncc3)cc2)no1,0.0
CN(C)CCOc1ccc(-c2cc(-c3ccc4c(c3)CCC4=NO)c(-c3ccncc3)o2)cc1,0.0
O=C(OC1CNC(C#Cc2cc3ncnc(Nc4ccc(Cc5ccccc5)cc4)c3s2)C1)N1CCOCC1,0.0
NC1(Cc2ccc(Cl)cc2)CCN(c2ncnc3[nH]ccc23)CC1,0.0
COc1ccc(C2=NNc3cccc4c(OC)ccc2c34)cc1OC,1.0
Nc1ncc(-c2cc(C3C4CN(C5COC5)CC43)n(CC3CC3)n2)cc1C(F)(F)F,0.0
COc1cnc(-c2cnc3ccccc3c2)nc1-c1cc2c([nH]1)CCNC2=O,1.0
O=C(Nc1ccc(Oc2ccc3[nH]c(NC(=O)c4ccccc4)nc3c2)cc1)Nc1cc(C(F)(F)F)ccc1F,0.0
CCCN1CCC(Oc2cc(Nc3nc(Nc4cccc(F)c4C(N)=O)c4cc[nH]c4n3)c(OC)cc2Cl)CC1,0.0
COc1cc2c(cc1Nc1nc(Nc3cccc(F)c3C(N)=O)c3cc[nH]c3n1)N(C(=O)CN1CCN(C(C)C)CC1)CC2,0.0
O=C(O)c1csc2c1NCCNC2=O,0.0
Nc1ncnc2c1sc1ncnc(N)c12,1.0
Cn1cc(-c2ccc(Nc3nc4ccc(C#N)cc4[nH]3)cc2)cn1,0.0
O=C1Nc2ccccc2C1=CNc1ccc(-n2cncn2)cc1,0.0
NS(=O)(=O)c1ccc(NC=C2C(=O)Nc3ccc4ncsc4c32)cc1,0.0
NCC(O)C(O)Cn1cc(I)c2c(N)ncnc21,0.0
N#Cc1c(NC(=O)CN2CCOCC2)sc2c1CCCC2,0.0
Cc1c(-c2cccc(OCc3ccccc3)c2)c2c(N)ncnc2n1C1CC(CN2CCCC2)C1,0.0
Cc1cc(C(N)=O)n2nc(C(C)(C)C)cc2n1,0.0
COC(=O)Nc1nc2ccc(Oc3ccc(NC(=O)Nc4cc(C(F)(F)F)ccc4F)cc3)cc2s1,0.0
Clc1ccc(C2(c3ccc(-c4ncnc5[nH]cnc45)cc3)CCNCC2)cc1,0.0
c1cc2c(s1)CCc1cn[nH]c1-2,0.0
CC(C)(O)C1CNCC1Nc1nc(-c2cc(-c3cc[nH]n3)ccc2O)nc2ccccc12,0.0
Nc1ncnc(Nc2cc(CNC(=O)C(F)(F)F)c(O)c(-c3ccc(Cl)cc3)c2)n1,0.0
CS(=O)(=O)c1cccc(Nc2nccc(-c3sc(N4CCOCC4)nc3-c3cccc(NS(=O)(=O)c4c(F)cccc4F)c3)n2)c1,0.0
NCc1ccc(-n2c(-c3nonc3N)nc3cnccc32)cc1,0.0
COc1cnc(COc2ccc(F)cc2)nc1-c1cc2c([nH]1)CCNC2=O,1.0
N#Cc1ccc2nc(N)n(-c3nccs3)c2c1,1.0
CCn1c(-c2nonc2N)nc2cnc(Oc3cccc(NC(=O)c4ccc(N(C)C)cc4)c3)cc21,0.0
COc1cc2nc(-c3cc(F)ccc3O)nc(NC3CNCC3C(C)(C)O)c2cc1OC,0.0
Cc1[nH]nc(C2CC2)c1-c1ccc2c(NC(=O)C3CC3)noc2c1,0.0
CNc1nccc(-c2nc(C3CCNCC3)[nH]c2-c2cccc(C(F)(F)F)c2)n1,0.0
O=C(Nc1cnccn1)Nc1cccc2c(O)cccc12,1.0
Nc1nc(-c2ccccn2)c(-c2ccc3ncccc3n2)s1,0.0
O=C(Nc1cnccn1)Nc1ccnc2ccc(C(F)(F)F)cc12,0.0
Cc1ccc(NC(=O)CC2CC2)cc1-c1ccc(C(=O)NCC2CC2)cc1,0.0
N#Cc1ccc2c(-c3ccnc(NC4CC4)n3)c(-c3ccc(F)cc3)nn2c1,0.0
O=C(OC1CNC(C#Cc2cc3ncnc(Nc4ccc(OCc5cccc(F)c5)c(Cl)c4)c3s2)C1)N1CCOCC1,0.0
NCCNS(=O)(=O)c1ccc(Cl)c2ccncc12,0.0
Cc1nc(COc2ccccc2Cl)sc1-c1ccnc(N)n1,1.0
O=C1NCCc2[nH]c(-c3ccnc(-c4ccccc4F)c3)cc21,0.0
CCNCc1cncc(-c2ccc3[nH]nc(-c4nc5ccccc5[nH]4)c3c2)c1C,0.0
O=C1NCCc2[nH]c(-c3ccnc(C=Cc4ccccc4)c3)cc21,1.0
Cc1cc(O)cc(C)c1C=Cc1cncc(-c2nn[nH]n2)c1,0.0
COc1cc(N2CCN(C(C)C)CC2)ccc1Nc1nc(Nc2cccc3ncccc23)c2cc[nH]c2n1,0.0
O=C1Nc2ccc3ncsc3c2C1=CNc1ccc(S(=O)(=O)Nc2ccccn2)cc1,1.0
CC1CCC(c2nc(-c3ccc(F)cc3)c(-c3ccncc3)[nH]2)CC1,0.0
CN1CCN(Cc2ccc(-c3cc4ncnc(Nc5ccc(OCc6cccc(F)c6)c(Cl)c5)c4s3)o2)CC1,0.0
COC(=O)Nc1nc2cc(Oc3cccc(NC(=O)Nc4cc(C(F)(F)F)ccc4F)c3)ccc2[nH]1,0.0
Nc1ncnc2c1c(-c1cnc3[nH]ccc3c1)nn2C1CCCC1,1.0
O=C(NCCCNc1nc(Nc2cccc(NC(=O)N3CCCC3)c2)ncc1I)c1cccs1,0.0
CS(=O)(=O)CCNCc1cc(-c2cc3c(Nc4ccc(OCc5cccc(F)c5)c(Cl)c4)ncnc3s2)cs1,0.0
Nc1ccc2c(C(=O)O)n(-c3ccccc3)nc2c1,0.0
O=C1Nc2ccccc2Nc2nnc(I)cc21,0.0
CCCCNC(=O)c1cn(C(CC)CC)c(=O)c2cc(OC)c(OC)cc12,1.0
Nc1ncnc2nc3ccccc3n12,0.0
c1ccc(-c2nc3n(c2-c2ccc4c(c2)OCO4)CCC3)nc1,0.0
c1cc(-c2cc(C3CCNCC3)n[nH]2)ccn1,0.0
NC(=O)c1cc2ccncc2s1,0.0
Cc1ccc(C(=O)NC2CC2)cc1-c1ccc2[nH]ncc2c1,0.0
Nc1ncc(-c2cccc(S(N)(=O)=O)c2)c2scc(-c3ccc(F)c(Cl)c3)c12,0.0
Cc1cc(=O)n2ccc(CN(C)C)c(O)c2n1,1.0
CC(C)(C)c1cc(NC(=O)Nc2cccc(Nc3ncc4c(N)n[nH]c4n3)c2)n[nH]1,1.0
Fc1ccc(-c2nc3sccn3c2-c2ccncc2)cc1,1.0
Fc1ccc(-c2ncn(C3CCNCC3)c2-c2ccnc(Oc3ccc4c(c3)OCO4)n2)cc1,0.0
O=c1[nH]cnc2c(Cl)cccc12,0.0
COc1nccc(-c2c(-c3ccc(F)cc3)ncn2C2CCC(O)CC2)n1,1.0
COc1cnc(NCc2ccccc2)nc1-c1cc2c([nH]1)CCNC2=O,1.0
Cc1cccc(-c2cccc3onc(N)c23)c1,0.0
Nc1n[nH]c2c(-c3ccccc3)cccc12,0.0
CCn1c(-c2nonc2N)nc2c(C#CC(C)(C)O)nc(CN3CCCC3)cc21,0.0
O=C1NCc2c(Br)cccc21,0.0
CCC(CO)Nc1nc(Nc2cccc(-c3ccccn3)c2)c2ncn(C(C)C)c2n1,1.0
NCCNS(=O)(=O)c1cccc2c(Cl)cccc12,0.0
COc1ccc(COc2ccc(Cc3cnc(N)nc3N)cc2OC)cc1,0.0
COc1ccccc1-c1cc(C=C2C(=O)Nc3ncc(Br)cc32)cc(Br)c1O,0.0
O=C1Nc2ccc(C(=O)c3ccco3)cc2C1=Cc1cc(Cl)c(O)c(Cl)c1,0.0
c1csc(-c2nc3cc4c(cc3nc2-c2cccs2)OCCCO4)c1,0.0
CCN1CCC(CC(=O)Nc2n[nH]c3nc(-c4cccs4)c(Br)cc23)CC1,0.0
CC(Nc1c(Nc2ccncc2)c(=O)c1=O)c1ccccc1,1.0
CN1CCN(C2CCC(n3cc(-c4ccc(Oc5ccccc5)cc4)c4c(N)ncnc43)CC2)CC1,0.0
CCn1c(-c2nonc2N)nc2c(C#CC(C)(C)O)nc(OCC(N)c3ccccc3)cc21,0.0
NC(=O)c1ccc2nc(-c3ccc([N+](=O)[O-])o3)cn2c1,1.0
c1cnn2ncc(-c3ccnc(NCCCN4CCOCC4)n3)c2c1,0.0
O=C(O)c1ccccc1Nc1ccnc(Nc2ccc3[nH]ncc3c2)n1,1.0
COc1cc(C=C2SC(=S)NC2=O)ccc1O,0.0
CC(C)n1nc(C#Cc2cccc(NC(=O)c3cccc(C(F)(F)F)c3)c2)c2c(N)ncnc21,0.0
COC(=O)Nc1nc2ccc(Sc3ccc(NC(=O)Nc4cc(C(F)(F)F)ccc4F)cc3)cc2[nH]1,0.0
NS(=O)(=O)c1ccc(NN=C2C(=O)Nc3cccc(CCc4ccncc4)c32)cc1,0.0
NS(=O)(=O)c1ccc(NN=C2C(=O)Nc3ccc(-c4cnco4)cc32)cc1,0.0
Nc1nonc1-c1nc2cnccc2n1C1CC1,0.0
Cc1cccc(-c2n[nH]cc2-c2ccc3ncccc3n2)n1,0.0
NC(COc1cncc(-c2ccc3c(c2)C(=Cc2ccc[nH]2)C(=O)N3)c1)Cc1ccccc1,0.0
COc1cnc(OCc2ccc(F)cc2)nc1-c1cc2c([nH]1)CCNC2=O,1.0
COc1cc2c(cc1Nc1nc(N3CCc4ccccc43)c3cc[nH]c3n1)N(C(=O)CN(C)C)CC2,0.0
COc1ccc(-c2coc3ncnc(N)c23)cc1,0.0
Nc1nc2c(s1)Cc1ccccc1-2,0.0
CC(=O)Nc1cc2ccccn2n1,0.0
CN1CCC(C(=O)Nc2n[nH]c3nc(-c4ccc(O)cc4)c(Br)cc23)CC1,0.0
CC(CN(C)C)Oc1nc(Nc2cc3cccc(Cl)c3cn2)cnc1C#N,0.0
CCN(CC)CCNC(=O)c1cccc(-n2nc(C(C)(C)C)cc2NC(=O)Nc2cccc3ccccc23)c1,0.0
CC(=O)N1CCN(C2CCC(n3nc(-c4ccc(NC(=O)c5cc6ccccc6n5C)cc4)c4c(N)ncnc43)CC2)CC1,0.0
Clc1cc(-c2c[nH]c3ncccc23)nc(NC2CCOCC2)n1,1.0
CCC1C(=O)N(C)c2cnc(-n3ccnc3-c3ccc(F)cc3)nc2N1c1ccn(C)n1,0.0
NC(=O)c1cn(-c2ccc(O)cc2Cl)c2cc(-c3ccncc3)ccc2c1=O,0.0
COc1ccc(CCN2CCC(Nc3nc4nc5ccc(C)cc5nc4c(=O)[nH]3)CC2)cc1,0.0
O=C(CNC(=O)c1cccn(Cc2ccc(F)c(F)c2)c1=O)Nc1ccc2c(c1)C(=Cc1cnc[nH]1)C(=O)N2,0.0
COC(=O)Nc1nc2ccc(S(=O)(=O)c3ccc(NC(=O)Nc4cc(C(F)(F)F)ccc4F)cc3)cc2[nH]1,0.0
NC(COc1cncc(-c2ccc3c(c2)C(=Cc2ccco2)C(=O)N3)c1)Cc1c[nH]c2ccccc12,1.0
Fc1ccc(-c2ncn(CCCN3CCOCC3)c2-c2ccncc2)cc1,0.0
NCC1CN(c2ncnc3[nH]c4cnccc4c23)CCO1,0.0
c1ccc(C2CCc3[nH]ncc3C2)cc1,0.0
Cn1c2c(c3ccc(Cl)c(Cl)c31)C(C#N)C1(CCNCC1)NC2=O,1.0
NC(=O)c1cccc(Nc2nccc(Nc3cccc4[nH]ncc34)n2)c1,0.0
O=C(Nc1n[nH]c2nnc(-c3cccnc3)cc12)C1CC1,0.0
N#Cc1ccc2nc(Nc3ccc(Oc4ncccc4C(F)(F)F)cc3)[nH]c2c1,0.0
CCN1CCC(CC(=O)Nc2n[nH]c3nnc(-c4cccc(F)c4F)cc23)CC1,0.0
Cn1nc(-c2ccc3ccccc3c2)c2c(N)ncnc21,0.0
NS(=O)(=O)OCC1CC(n2ccc3c(NC4CCc5ccccc54)ncnc32)CC1O,0.0
CN1CCN(c2ccc(-c3cnc4[nH]c5cnc(C#N)cc5c4c3)cc2)CC1,0.0
CC1=CN2CC(=O)NN=C2C=C1,0.0
Nc1n[nH]c2nc(Cl)sc12,0.0
Cc1c(-c2cc(Nc3cc4n(n3)CCN(C)C4)c(=O)[nH]n2)ccc(F)c1NC(=O)c1cc2ccccc2s1,0.0
Cc1nc(N)sc1-c1ccnc(Nc2ccc(N3CCOCC3)cc2)n1,1.0
CN(C)c1cc2c(Nc3ccc4nc(Cc5ccccc5)[nH]c4c3)ncnc2cn1,0.0
CC(C)(C(N)=O)n1cc(-c2cnc(N)c3c(-c4ccc(NC(=O)Nc5cccc(F)c5)cc4)csc23)cn1,0.0
O=C(NC(NC(=S)Nc1ccc(F)c([N+](=O)[O-])c1)C(Cl)(Cl)Cl)C(c1ccccc1)c1ccccc1,0.0
Cc1ccc(C)c(NC(=O)c2cc(-c3ccco3)nc3ccccc23)c1,0.0
Cn1cc(C=C2C(=O)Nc3cccnc32)c2ccccc21,0.0
Cc1nn(C)c2sc(C(N)=O)c(N)c12,1.0
N#Cc1c(NC(=O)c2cccc3ccccc23)sc2c1CCCN2C(=O)C1CC1,0.0
CC1=Nc2c(F)cc(-c3nc(Nc4ccc(C5CCN(C)CC5)cn4)ncc3F)cc2C12CCCC2,0.0
NS(=O)(=O)c1ccc(NN=C2C(=O)Nc3ccc4ncccc4c32)cc1,0.0
Cc1ccc(-c2cc3c(NC(=O)C4CC4)ncnc3o2)cc1,0.0
O=C(Nc1ccc(Oc2ccc3[nH]c(NC(=O)c4ccco4)nc3c2)cc1)Nc1cc(C(F)(F)F)ccc1F,0.0
COc1cnc(Nc2ccccc2)nc1-c1cc2c([nH]1)CCNC2=O,1.0
CC(C)Cn1c(N)nc2c(F)cc(-c3c(-c4ccc(F)cc4)nc4sccn34)cc21,0.0
Cc1c2ccc(N(C)c3ccnc(Nc4cccc(S(N)(=O)=O)c4)n3)cc2nn1C,0.0
O=C(NC(CO)c1ccc(Cl)c(F)c1)N1CCc2cnc(NC3CCOCC3)nc2C1,0.0
NS(=O)(=O)c1ccc(NN=C2C(=O)Nc3ccc(C(=O)NCCCn4ccnc4)cc32)cc1,0.0
O=c1cc(-c2ccncc2)nc(NC2CCCCC2)[nH]1,1.0
Nc1ncnc2sccc12,0.0
CNC(=O)c1ncccc1Nc1nc(Nc2cc3c(cc2OC)CCCN3C(=O)CN(C)C)nc2[nH]ccc12,0.0
COc1cnc(Oc2ccccc2)nc1-c1cc2c([nH]1)CCNC2=O,0.0
Cc1ccc(NC(=O)c2c(N=Cc3ccc4ccccc4c3)c(C#N)c3n2CCC3)cc1,0.0
Cc1n[nH]c(C)c1-c1ccc2c(NC(=O)c3ccc(N4CCN(C)CC4)cc3)n[nH]c2c1,0.0
ON=C1CCc2cc(-c3nc(C4CCNCC4)[nH]c3-c3ccncc3)ccc21,0.0
NC1(c2ccc(-c3cnc4c(-c5ccc(S(N)(=O)=O)c6ccccc56)cnn4c3)cc2)CCC1,0.0
Nc1nccc(-c2c[nH]c3ccccc23)n1,0.0
COc1c(-c2nc3ccccc3[nH]2)c(O)cc2oc(C)cc(=O)c12,0.0
c1ccc(-c2n[nH]cc2-c2ccnc(-c3ccc(OCCn4ccnc4)cc3)c2)nc1,0.0
CS(=O)(=O)CCNCc1nc(-c2ccc3ncnc(Nc4ccc(OCc5cccc(C(F)(F)F)c5)cc4)c3c2)cs1,0.0
CC(C)c1cc(=O)[nH]c2[nH][nH]c(=O)c12,0.0
COc1cnc(C=Cc2ccc(F)cc2)nc1-c1cc2c([nH]1)CCNC2=O,1.0
O=C(OC1CNC(C#Cc2cc3ncnc(Nc4ccc5c(cnn5Cc5ccccc5)c4)c3s2)C1)N1CCOCC1,0.0
COc1cc2ncn(-c3cc(OCCc4ccccc4)c(C(N)=O)s3)c2cc1OC,0.0
Fc1ccc(-c2nn3ccccc3c2-c2ccncc2)cc1,0.0
Nc1ncnc2c1C(=O)Nc1ccccc1N2,0.0
CCc1c(-c2ccc(C(C)=O)cc2)[nH]c2nccnc12,1.0
Nc1nnc(-c2ccccc2)c(N)n1,0.0
N#Cc1ccc2nc(N)n(-c3nc(-c4ccccc4)cs3)c2c1,0.0
CC1(C)C(=O)N(C2CCc3c(O)cccc32)c2nc(Nc3ccccc3)ncc21,0.0
O=C1Nc2ccccc2C1=C1CCc2cc(O)ccc21,0.0
Nc1nnc2cccc(Cl)n12,0.0
O=C(NN=Cc1ccc(O)cc1O)Nc1cccc2nsnc12,0.0
CCn1c(-c2nonc2N)nc2ccncc21,0.0
CN1c2ccc(N)cc2C(c2ccccc2)c2cc(N)ccc21,0.0
O=c1nc(-c2cc3c(Oc4ccc(I)cc4)cncc3s2)[nH]o1,0.0
Cc1cccc(Cl)c1-c1cccc2c(CCCOc3cccc4ccccc34)c(C(=O)NCCOCCOCCN)[nH]c12,0.0
O=C1NCCc2[nH]c(-c3ccncc3)cc21,1.0
Cc1noc(C)c1Cn1cc(-c2ccnc(N)n2)c2ccccc21,0.0
CCN(C(C)=O)c1ccc(Nc2nc(NC3CC3)c3nc[nH]c3n2)cc1,1.0
NC(=O)c1ccccc1-c1ncc[nH]1,0.0
COc1ccc(-c2oc3ncnc(N)c3c2-c2ccc(NC(=O)Nc3cc(C(F)(F)F)ccc3F)cc2)cc1,0.0
CC1=C(C(=O)Nc2ccc3[nH]ncc3c2)C(c2ccc(F)cc2)N=C(c2ccc(C(F)(F)F)nc2)N1,0.0
CN1CCN(C(=O)c2ccc(NC(=O)Nc3ccc(N(C)c4ccnc(Nc5ccc(CS(C)(=O)=O)cc5)n4)cc3)cc2)CC1,0.0
O=C(CO)N1CCC(c2[nH]nc(-c3ccc(Cl)cc3F)c2-c2ccncn2)CC1,0.0
NS(=O)(=O)c1ccc(NN=C2C(=O)Nc3ccc(C(=O)NCCc4c[nH]cn4)cc32)cc1,0.0
